run_id,run_mode,node_count,physical_pi_count,simulated_node_count,replicate,random_seed,reference_hardware_run_id,concurrent_events,logical_sensor_streams,logical_workers,database_vectors,blockchain_requests_per_event,arrival_process,reasoning_workers_added_for_logical_nodes,T_cross_node_ms,T_network_ms,T_merge_ms,T_query_ms,T_reason_ms,T_blockchain_ms,T_decision_ms
REF-STAGE-N04-R01,REFERENCE_MODEL_ESTIMATE,4,4,0,1,42,HW-N04-D2-R6,4,8,4,30000,1,one simultaneous four-event batch,0,392.6,140.5,90.8,214.7,17576.4,418.4,18833.4
REF-STAGE-N06-R01,REFERENCE_MODEL_ESTIMATE,6,4,2,1,42,HW-N04-D2-R6,4,8,4,30000,1,one simultaneous four-event batch,0,649.55,193.1277777777778,121.63222222222223,214.7,17576.4,418.4,19173.81
REF-STAGE-N08-R01,REFERENCE_MODEL_ESTIMATE,8,4,4,1,42,HW-N04-D2-R6,4,8,4,30000,1,one simultaneous four-event batch,0,906.5,245.75555555555556,152.46444444444444,214.7,17576.4,418.4,19514.22
REF-STAGE-N12-R01,REFERENCE_MODEL_ESTIMATE,12,4,8,1,42,HW-N04-D2-R6,4,8,4,30000,1,one simultaneous four-event batch,0,1420.4,351.0111111111111,214.12888888888887,214.7,17576.4,418.4,20195.04
REF-STAGE-N16-R01,REFERENCE_MODEL_ESTIMATE,16,4,12,1,42,HW-N04-D2-R6,4,8,4,30000,1,one simultaneous four-event batch,0,1934.2999999999997,456.26666666666665,275.79333333333335,214.7,17576.4,418.4,20875.86
REF-STAGE-N04-R02,REFERENCE_MODEL_ESTIMATE,4,4,0,2,42,HW-N04-D3-R6,4,8,4,30000,1,one simultaneous four-event batch,0,404.8,138.3,88.7,228.4,17157.9,423.5,18441.600000000002
REF-STAGE-N06-R02,REFERENCE_MODEL_ESTIMATE,6,4,2,2,42,HW-N04-D3-R6,4,8,4,30000,1,one simultaneous four-event batch,0,658.7088888888889,187.7866666666667,118.42666666666666,228.4,17157.9,423.5,18774.722222222223
REF-STAGE-N08-R02,REFERENCE_MODEL_ESTIMATE,8,4,4,2,42,HW-N04-D3-R6,4,8,4,30000,1,one simultaneous four-event batch,0,912.6177777777777,237.27333333333334,148.1533333333333,228.4,17157.9,423.5,19107.844444444447
REF-STAGE-N12-R02,REFERENCE_MODEL_ESTIMATE,12,4,8,2,42,HW-N04-D3-R6,4,8,4,30000,1,one simultaneous four-event batch,0,1420.4355555555555,336.24666666666667,207.60666666666663,228.4,17157.9,423.5,19774.08888888889
REF-STAGE-N16-R02,REFERENCE_MODEL_ESTIMATE,16,4,12,2,42,HW-N04-D3-R6,4,8,4,30000,1,one simultaneous four-event batch,0,1928.2533333333333,435.21999999999997,267.05999999999995,228.4,17157.9,423.5,20440.333333333336
REF-STAGE-N04-R03,REFERENCE_MODEL_ESTIMATE,4,4,0,3,42,HW-N04-D2-R2,4,8,4,30000,1,one simultaneous four-event batch,0,388.7,144.2,85.9,215.0,16879.2,405.8,18118.8
REF-STAGE-N06-R03,REFERENCE_MODEL_ESTIMATE,6,4,2,3,42,HW-N04-D2-R2,4,8,4,30000,1,one simultaneous four-event batch,0,643.8555555555555,195.51999999999998,117.10222222222222,215.0,16879.2,405.8,18456.477777777778
REF-STAGE-N08-R03,REFERENCE_MODEL_ESTIMATE,8,4,4,3,42,HW-N04-D2-R2,4,8,4,30000,1,one simultaneous four-event batch,0,899.011111111111,246.84,148.30444444444447,215.0,16879.2,405.8,18794.155555555557
REF-STAGE-N12-R03,REFERENCE_MODEL_ESTIMATE,12,4,8,3,42,HW-N04-D2-R2,4,8,4,30000,1,one simultaneous four-event batch,0,1409.322222222222,349.48,210.7088888888889,215.0,16879.2,405.8,19469.51111111111
REF-STAGE-N16-R03,REFERENCE_MODEL_ESTIMATE,16,4,12,3,42,HW-N04-D2-R2,4,8,4,30000,1,one simultaneous four-event batch,0,1919.633333333333,452.12000000000006,273.11333333333334,215.0,16879.2,405.8,20144.86666666667
REF-STAGE-N04-R04,REFERENCE_MODEL_ESTIMATE,4,4,0,4,42,HW-N04-D1-R4,4,8,4,30000,1,one simultaneous four-event batch,0,392.7,131.9,88.4,218.8,17652.5,432.8,18917.1
REF-STAGE-N06-R04,REFERENCE_MODEL_ESTIMATE,6,4,2,4,42,HW-N04-D1-R4,4,8,4,30000,1,one simultaneous four-event batch,0,651.3988888888889,185.0688888888889,119.59333333333335,218.8,17652.5,432.8,19260.161111111112
REF-STAGE-N08-R04,REFERENCE_MODEL_ESTIMATE,8,4,4,4,42,HW-N04-D1-R4,4,8,4,30000,1,one simultaneous four-event batch,0,910.0977777777778,238.23777777777778,150.7866666666667,218.8,17652.5,432.8,19603.222222222223
REF-STAGE-N12-R04,REFERENCE_MODEL_ESTIMATE,12,4,8,4,42,HW-N04-D1-R4,4,8,4,30000,1,one simultaneous four-event batch,0,1427.4955555555557,344.5755555555555,213.17333333333335,218.8,17652.5,432.8,20289.344444444443
REF-STAGE-N16-R04,REFERENCE_MODEL_ESTIMATE,16,4,12,4,42,HW-N04-D1-R4,4,8,4,30000,1,one simultaneous four-event batch,0,1944.8933333333337,450.9133333333333,275.56000000000006,218.8,17652.5,432.8,20975.466666666667
REF-STAGE-N04-R05,REFERENCE_MODEL_ESTIMATE,4,4,0,5,42,HW-N04-D2-R1,4,8,4,30000,1,one simultaneous four-event batch,0,403.7,142.4,91.8,219.5,16953.2,424.0,18234.600000000002
REF-STAGE-N06-R05,REFERENCE_MODEL_ESTIMATE,6,4,2,5,42,HW-N04-D2-R1,4,8,4,30000,1,one simultaneous four-event batch,0,660.9177777777777,195.0122222222222,122.29333333333332,219.5,16953.2,424.0,18574.923333333332
REF-STAGE-N08-R05,REFERENCE_MODEL_ESTIMATE,8,4,4,5,42,HW-N04-D2-R1,4,8,4,30000,1,one simultaneous four-event batch,0,918.1355555555556,247.6244444444444,152.78666666666666,219.5,16953.2,424.0,18915.246666666666
REF-STAGE-N12-R05,REFERENCE_MODEL_ESTIMATE,12,4,8,5,42,HW-N04-D2-R1,4,8,4,30000,1,one simultaneous four-event batch,0,1432.5711111111111,352.84888888888884,213.7733333333333,219.5,16953.2,424.0,19595.893333333333
REF-STAGE-N16-R05,REFERENCE_MODEL_ESTIMATE,16,4,12,5,42,HW-N04-D2-R1,4,8,4,30000,1,one simultaneous four-event batch,0,1947.0066666666667,458.07333333333315,274.76,219.5,16953.2,424.0,20276.54
REF-STAGE-N04-R06,REFERENCE_MODEL_ESTIMATE,4,4,0,6,42,HW-N04-D2-R5,4,8,4,30000,1,one simultaneous four-event batch,0,422.1,141.3,94.3,225.9,17703.2,427.0,19013.8
REF-STAGE-N06-R06,REFERENCE_MODEL_ESTIMATE,6,4,2,6,42,HW-N04-D2-R5,4,8,4,30000,1,one simultaneous four-event batch,0,678.318888888889,194.17111111111112,125.71222222222222,225.9,17703.2,427.0,19354.302222222224
REF-STAGE-N08-R06,REFERENCE_MODEL_ESTIMATE,8,4,4,6,42,HW-N04-D2-R5,4,8,4,30000,1,one simultaneous four-event batch,0,934.5377777777779,247.04222222222222,157.12444444444446,225.9,17703.2,427.0,19694.804444444446
REF-STAGE-N12-R06,REFERENCE_MODEL_ESTIMATE,12,4,8,6,42,HW-N04-D2-R5,4,8,4,30000,1,one simultaneous four-event batch,0,1446.9755555555557,352.7844444444444,219.94888888888892,225.9,17703.2,427.0,20375.80888888889
REF-STAGE-N16-R06,REFERENCE_MODEL_ESTIMATE,16,4,12,6,42,HW-N04-D2-R5,4,8,4,30000,1,one simultaneous four-event batch,0,1959.4133333333339,458.5266666666666,282.77333333333337,225.9,17703.2,427.0,21056.813333333335
REF-STAGE-N04-R07,REFERENCE_MODEL_ESTIMATE,4,4,0,7,42,HW-N04-D3-R2,4,8,4,30000,1,one simultaneous four-event batch,0,384.5,142.0,91.5,223.6,17987.6,430.8,19260.0
REF-STAGE-N06-R07,REFERENCE_MODEL_ESTIMATE,6,4,2,7,42,HW-N04-D3-R2,4,8,4,30000,1,one simultaneous four-event batch,0,638.5955555555556,193.70333333333332,121.17444444444445,223.6,17987.6,430.8,19595.47333333333
REF-STAGE-N08-R07,REFERENCE_MODEL_ESTIMATE,8,4,4,7,42,HW-N04-D3-R2,4,8,4,30000,1,one simultaneous four-event batch,0,892.6911111111111,245.40666666666667,150.8488888888889,223.6,17987.6,430.8,19930.946666666667
REF-STAGE-N12-R07,REFERENCE_MODEL_ESTIMATE,12,4,8,7,42,HW-N04-D3-R2,4,8,4,30000,1,one simultaneous four-event batch,0,1400.8822222222223,348.81333333333333,210.19777777777776,223.6,17987.6,430.8,20601.893333333333
REF-STAGE-N16-R07,REFERENCE_MODEL_ESTIMATE,16,4,12,7,42,HW-N04-D3-R2,4,8,4,30000,1,one simultaneous four-event batch,0,1909.0733333333333,452.22,269.5466666666666,223.6,17987.6,430.8,21272.84
REF-STAGE-N04-R08,REFERENCE_MODEL_ESTIMATE,4,4,0,8,42,HW-N04-D3-R2,4,8,4,30000,1,one simultaneous four-event batch,0,384.5,142.0,91.5,223.6,17987.6,430.8,19260.0
REF-STAGE-N06-R08,REFERENCE_MODEL_ESTIMATE,6,4,2,8,42,HW-N04-D3-R2,4,8,4,30000,1,one simultaneous four-event batch,0,643.8288888888889,194.76111111111112,123.09555555555556,223.6,17987.6,430.8,19603.685555555556
REF-STAGE-N08-R08,REFERENCE_MODEL_ESTIMATE,8,4,4,8,42,HW-N04-D3-R2,4,8,4,30000,1,one simultaneous four-event batch,0,903.1577777777777,247.52222222222224,154.69111111111113,223.6,17987.6,430.8,19947.371111111108
REF-STAGE-N12-R08,REFERENCE_MODEL_ESTIMATE,12,4,8,8,42,HW-N04-D3-R2,4,8,4,30000,1,one simultaneous four-event batch,0,1421.8155555555554,353.0444444444445,217.88222222222225,223.6,17987.6,430.8,20634.74222222222
REF-STAGE-N16-R08,REFERENCE_MODEL_ESTIMATE,16,4,12,8,42,HW-N04-D3-R2,4,8,4,30000,1,one simultaneous four-event batch,0,1940.4733333333331,458.5666666666667,281.0733333333334,223.6,17987.6,430.8,21322.11333333333
REF-STAGE-N04-R09,REFERENCE_MODEL_ESTIMATE,4,4,0,9,42,HW-N04-D2-R3,4,8,4,30000,1,one simultaneous four-event batch,0,419.0,143.0,92.9,230.7,18339.6,434.3,19659.5
REF-STAGE-N06-R09,REFERENCE_MODEL_ESTIMATE,6,4,2,9,42,HW-N04-D2-R3,4,8,4,30000,1,one simultaneous four-event batch,0,677.3477777777778,195.96444444444444,123.58000000000001,230.7,18339.6,434.3,20001.49222222222
REF-STAGE-N08-R09,REFERENCE_MODEL_ESTIMATE,8,4,4,9,42,HW-N04-D2-R3,4,8,4,30000,1,one simultaneous four-event batch,0,935.6955555555555,248.9288888888889,154.26,230.7,18339.6,434.3,20343.484444444442
REF-STAGE-N12-R09,REFERENCE_MODEL_ESTIMATE,12,4,8,9,42,HW-N04-D2-R3,4,8,4,30000,1,one simultaneous four-event batch,0,1452.391111111111,354.8577777777778,215.62,230.7,18339.6,434.3,21027.46888888889
REF-STAGE-N16-R09,REFERENCE_MODEL_ESTIMATE,16,4,12,9,42,HW-N04-D2-R3,4,8,4,30000,1,one simultaneous four-event batch,0,1969.0866666666666,460.78666666666675,276.98,230.7,18339.6,434.3,21711.45333333333
REF-STAGE-N04-R10,REFERENCE_MODEL_ESTIMATE,4,4,0,10,42,HW-N04-D2-R3,4,8,4,30000,1,one simultaneous four-event batch,0,419.0,143.0,92.9,230.7,18339.6,434.3,19659.5
REF-STAGE-N06-R10,REFERENCE_MODEL_ESTIMATE,6,4,2,10,42,HW-N04-D2-R3,4,8,4,30000,1,one simultaneous four-event batch,0,673.9311111111111,196.36,123.47888888888889,230.7,18339.6,434.3,19998.37
REF-STAGE-N08-R10,REFERENCE_MODEL_ESTIMATE,8,4,4,10,42,HW-N04-D2-R3,4,8,4,30000,1,one simultaneous four-event batch,0,928.8622222222223,249.72,154.0577777777778,230.7,18339.6,434.3,20337.239999999998
REF-STAGE-N12-R10,REFERENCE_MODEL_ESTIMATE,12,4,8,10,42,HW-N04-D2-R3,4,8,4,30000,1,one simultaneous four-event batch,0,1438.7244444444445,356.44,215.21555555555557,230.7,18339.6,434.3,21014.98
REF-STAGE-N16-R10,REFERENCE_MODEL_ESTIMATE,16,4,12,10,42,HW-N04-D2-R3,4,8,4,30000,1,one simultaneous four-event batch,0,1948.5866666666666,463.15999999999997,276.37333333333333,230.7,18339.6,434.3,21692.719999999998
REF-STAGE-N04-R11,REFERENCE_MODEL_ESTIMATE,4,4,0,11,42,HW-N04-D2-R4,4,8,4,30000,1,one simultaneous four-event batch,0,402.1,150.5,98.8,224.3,17717.6,418.8,19012.1
REF-STAGE-N06-R11,REFERENCE_MODEL_ESTIMATE,6,4,2,11,42,HW-N04-D2-R4,4,8,4,30000,1,one simultaneous four-event batch,0,660.3711111111111,203.21222222222224,130.0811111111111,224.3,17717.6,418.8,19354.364444444444
REF-STAGE-N08-R11,REFERENCE_MODEL_ESTIMATE,8,4,4,11,42,HW-N04-D2-R4,4,8,4,30000,1,one simultaneous four-event batch,0,918.6422222222222,255.92444444444445,161.36222222222221,224.3,17717.6,418.8,19696.62888888889
REF-STAGE-N12-R11,REFERENCE_MODEL_ESTIMATE,12,4,8,11,42,HW-N04-D2-R4,4,8,4,30000,1,one simultaneous four-event batch,0,1435.1844444444446,361.3488888888889,223.92444444444445,224.3,17717.6,418.8,20381.157777777775
REF-STAGE-N16-R11,REFERENCE_MODEL_ESTIMATE,16,4,12,11,42,HW-N04-D2-R4,4,8,4,30000,1,one simultaneous four-event batch,0,1951.7266666666665,466.7733333333333,286.4866666666667,224.3,17717.6,418.8,21065.686666666665
REF-STAGE-N04-R12,REFERENCE_MODEL_ESTIMATE,4,4,0,12,42,HW-N04-D1-R1,4,8,4,30000,1,one simultaneous four-event batch,0,399.9,129.3,86.0,211.9,17260.2,434.1,18521.4
REF-STAGE-N06-R12,REFERENCE_MODEL_ESTIMATE,6,4,2,12,42,HW-N04-D1-R1,4,8,4,30000,1,one simultaneous four-event batch,0,655.6344444444444,181.84222222222223,116.84333333333333,211.9,17260.2,434.1,18860.52
REF-STAGE-N08-R12,REFERENCE_MODEL_ESTIMATE,8,4,4,12,42,HW-N04-D1-R1,4,8,4,30000,1,one simultaneous four-event batch,0,911.3688888888889,234.38444444444448,147.68666666666667,211.9,17260.2,434.1,19199.64
REF-STAGE-N12-R12,REFERENCE_MODEL_ESTIMATE,12,4,8,12,42,HW-N04-D1-R1,4,8,4,30000,1,one simultaneous four-event batch,0,1422.8377777777778,339.46888888888896,209.3733333333333,211.9,17260.2,434.1,19877.88
REF-STAGE-N16-R12,REFERENCE_MODEL_ESTIMATE,16,4,12,12,42,HW-N04-D1-R1,4,8,4,30000,1,one simultaneous four-event batch,0,1934.3066666666668,444.55333333333346,271.05999999999995,211.9,17260.2,434.1,20556.120000000003
REF-STAGE-N04-R13,REFERENCE_MODEL_ESTIMATE,4,4,0,13,42,HW-N04-D3-R2,4,8,4,30000,1,one simultaneous four-event batch,0,384.5,142.0,91.5,223.6,17987.6,430.8,19260.0
REF-STAGE-N06-R13,REFERENCE_MODEL_ESTIMATE,6,4,2,13,42,HW-N04-D3-R2,4,8,4,30000,1,one simultaneous four-event batch,0,639.2977777777778,192.67,121.08888888888887,223.6,17987.6,430.8,19595.056666666664
REF-STAGE-N08-R13,REFERENCE_MODEL_ESTIMATE,8,4,4,13,42,HW-N04-D3-R2,4,8,4,30000,1,one simultaneous four-event batch,0,894.0955555555556,243.33999999999997,150.67777777777775,223.6,17987.6,430.8,19930.11333333333
REF-STAGE-N12-R13,REFERENCE_MODEL_ESTIMATE,12,4,8,13,42,HW-N04-D3-R2,4,8,4,30000,1,one simultaneous four-event batch,0,1403.6911111111112,344.67999999999995,209.85555555555553,223.6,17987.6,430.8,20600.226666666666
REF-STAGE-N16-R13,REFERENCE_MODEL_ESTIMATE,16,4,12,13,42,HW-N04-D3-R2,4,8,4,30000,1,one simultaneous four-event batch,0,1913.2866666666669,446.02,269.0333333333333,223.6,17987.6,430.8,21270.34
REF-STAGE-N04-R14,REFERENCE_MODEL_ESTIMATE,4,4,0,14,42,HW-N04-D2-R6,4,8,4,30000,1,one simultaneous four-event batch,0,392.6,140.5,90.8,214.7,17576.4,418.4,18833.4
REF-STAGE-N06-R14,REFERENCE_MODEL_ESTIMATE,6,4,2,14,42,HW-N04-D2-R6,4,8,4,30000,1,one simultaneous four-event batch,0,647.4311111111111,192.07444444444442,121.63444444444444,214.7,17576.4,418.4,19170.640000000003
REF-STAGE-N08-R14,REFERENCE_MODEL_ESTIMATE,8,4,4,14,42,HW-N04-D2-R6,4,8,4,30000,1,one simultaneous four-event batch,0,902.2622222222222,243.64888888888885,152.4688888888889,214.7,17576.4,418.4,19507.88
REF-STAGE-N12-R14,REFERENCE_MODEL_ESTIMATE,12,4,8,14,42,HW-N04-D2-R6,4,8,4,30000,1,one simultaneous four-event batch,0,1411.9244444444444,346.7977777777777,214.13777777777779,214.7,17576.4,418.4,20182.36
REF-STAGE-N16-R14,REFERENCE_MODEL_ESTIMATE,16,4,12,14,42,HW-N04-D2-R6,4,8,4,30000,1,one simultaneous four-event batch,0,1921.5866666666666,449.9466666666666,275.8066666666667,214.7,17576.4,418.4,20856.84
REF-STAGE-N04-R15,REFERENCE_MODEL_ESTIMATE,4,4,0,15,42,HW-N04-D2-R2,4,8,4,30000,1,one simultaneous four-event batch,0,388.7,144.2,85.9,215.0,16879.2,405.8,18118.8
REF-STAGE-N06-R15,REFERENCE_MODEL_ESTIMATE,6,4,2,15,42,HW-N04-D2-R2,4,8,4,30000,1,one simultaneous four-event batch,0,643.9344444444445,196.49888888888887,116.10555555555557,215.0,16879.2,405.8,18456.53888888889
REF-STAGE-N08-R15,REFERENCE_MODEL_ESTIMATE,8,4,4,15,42,HW-N04-D2-R2,4,8,4,30000,1,one simultaneous four-event batch,0,899.1688888888889,248.79777777777778,146.31111111111113,215.0,16879.2,405.8,18794.277777777777
REF-STAGE-N12-R15,REFERENCE_MODEL_ESTIMATE,12,4,8,15,42,HW-N04-D2-R2,4,8,4,30000,1,one simultaneous four-event batch,0,1409.6377777777777,353.3955555555556,206.72222222222223,215.0,16879.2,405.8,19469.755555555555
REF-STAGE-N16-R15,REFERENCE_MODEL_ESTIMATE,16,4,12,15,42,HW-N04-D2-R2,4,8,4,30000,1,one simultaneous four-event batch,0,1920.1066666666668,457.9933333333334,267.1333333333333,215.0,16879.2,405.8,20145.233333333334
REF-STAGE-N04-R16,REFERENCE_MODEL_ESTIMATE,4,4,0,16,42,HW-N04-D1-R1,4,8,4,30000,1,one simultaneous four-event batch,0,399.9,129.3,86.0,211.9,17260.2,434.1,18521.4
REF-STAGE-N06-R16,REFERENCE_MODEL_ESTIMATE,6,4,2,16,42,HW-N04-D1-R1,4,8,4,30000,1,one simultaneous four-event batch,0,654.1166666666667,180.80444444444444,115.95111111111112,211.9,17260.2,434.1,18857.072222222225
REF-STAGE-N08-R16,REFERENCE_MODEL_ESTIMATE,8,4,4,16,42,HW-N04-D1-R1,4,8,4,30000,1,one simultaneous four-event batch,0,908.3333333333334,232.30888888888887,145.90222222222224,211.9,17260.2,434.1,19192.744444444445
REF-STAGE-N12-R16,REFERENCE_MODEL_ESTIMATE,12,4,8,16,42,HW-N04-D1-R1,4,8,4,30000,1,one simultaneous four-event batch,0,1416.7666666666669,335.3177777777778,205.80444444444444,211.9,17260.2,434.1,19864.08888888889
REF-STAGE-N16-R16,REFERENCE_MODEL_ESTIMATE,16,4,12,16,42,HW-N04-D1-R1,4,8,4,30000,1,one simultaneous four-event batch,0,1925.2000000000003,438.32666666666665,265.70666666666665,211.9,17260.2,434.1,20535.433333333334
REF-STAGE-N04-R17,REFERENCE_MODEL_ESTIMATE,4,4,0,17,42,HW-N04-D2-R6,4,8,4,30000,1,one simultaneous four-event batch,0,392.6,140.5,90.8,214.7,17576.4,418.4,18833.4
REF-STAGE-N06-R17,REFERENCE_MODEL_ESTIMATE,6,4,2,17,42,HW-N04-D2-R6,4,8,4,30000,1,one simultaneous four-event batch,0,648.1366666666668,192.44333333333333,121.85,214.7,17576.4,418.4,19171.93
REF-STAGE-N08-R17,REFERENCE_MODEL_ESTIMATE,8,4,4,17,42,HW-N04-D2-R6,4,8,4,30000,1,one simultaneous four-event batch,0,903.6733333333334,244.38666666666668,152.9,214.7,17576.4,418.4,19510.460000000003
REF-STAGE-N12-R17,REFERENCE_MODEL_ESTIMATE,12,4,8,17,42,HW-N04-D2-R6,4,8,4,30000,1,one simultaneous four-event batch,0,1414.746666666667,348.27333333333337,215.0,214.7,17576.4,418.4,20187.52
REF-STAGE-N16-R17,REFERENCE_MODEL_ESTIMATE,16,4,12,17,42,HW-N04-D2-R6,4,8,4,30000,1,one simultaneous four-event batch,0,1925.8200000000002,452.1600000000001,277.1,214.7,17576.4,418.4,20864.58
REF-STAGE-N04-R18,REFERENCE_MODEL_ESTIMATE,4,4,0,18,42,HW-N04-D1-R4,4,8,4,30000,1,one simultaneous four-event batch,0,392.7,131.9,88.4,218.8,17652.5,432.8,18917.1
REF-STAGE-N06-R18,REFERENCE_MODEL_ESTIMATE,6,4,2,18,42,HW-N04-D1-R4,4,8,4,30000,1,one simultaneous four-event batch,0,648.9811111111111,184.20333333333338,119.87111111111112,218.8,17652.5,432.8,19257.155555555557
REF-STAGE-N08-R18,REFERENCE_MODEL_ESTIMATE,8,4,4,18,42,HW-N04-D1-R4,4,8,4,30000,1,one simultaneous four-event batch,0,905.2622222222221,236.50666666666672,151.34222222222223,218.8,17652.5,432.8,19597.21111111111
REF-STAGE-N12-R18,REFERENCE_MODEL_ESTIMATE,12,4,8,18,42,HW-N04-D1-R4,4,8,4,30000,1,one simultaneous four-event batch,0,1417.8244444444445,341.11333333333346,214.28444444444443,218.8,17652.5,432.8,20277.32222222222
REF-STAGE-N16-R18,REFERENCE_MODEL_ESTIMATE,16,4,12,18,42,HW-N04-D1-R4,4,8,4,30000,1,one simultaneous four-event batch,0,1930.3866666666665,445.72000000000014,277.2266666666667,218.8,17652.5,432.8,20957.433333333334
