Run_ID,Day,Replicate,Node_Count,Physical_Pi_Count,Simulated_Node_Count,Run_Mode,Concurrent_Events,Num_Sensors,Database_Size_Vectors,T_query_ms,T_blockchain_ms,T_cross_node_ms,T_reason_ms,T_network_ms,T_merge_ms,T_decision_ms
HW-N01-D1-R1,1,1,1,1,0,HARDWARE,4,8,30000,191,370,0,16481.9,55.4,42.9,17141.2
HW-N01-D1-R2,1,2,1,1,0,HARDWARE,4,8,30000,195.8,378.8,0,17354.4,60.2,42.5,18031.7
HW-N01-D1-R3,1,3,1,1,0,HARDWARE,4,8,30000,192.4,382.1,0,17150,63.1,42.1,17829.7
HW-N01-D1-R4,1,4,1,1,0,HARDWARE,4,8,30000,195.4,379.9,0,16711.2,60.2,44,17390.7
HW-N01-D1-R5,1,5,1,1,0,HARDWARE,4,8,30000,199.8,380.8,0,17342.6,61.7,41.1,18026
HW-N01-D1-R6,1,6,1,1,0,HARDWARE,4,8,30000,201.7,377.8,0,16429.3,61.4,43.7,17113.9
HW-N02-D1-R1,1,1,2,2,0,HARDWARE,4,8,30000,205.7,405.8,230.9,17299,96.9,63.3,18301.6
HW-N02-D1-R2,1,2,2,2,0,HARDWARE,4,8,30000,201,404.8,231.9,16562.4,93.9,65.5,17559.5
HW-N02-D1-R3,1,3,2,2,0,HARDWARE,4,8,30000,192.6,396,237.1,16436,99.9,63,17424.6
HW-N02-D1-R4,1,4,2,2,0,HARDWARE,4,8,30000,202.5,405.7,220.9,16826.3,103.2,68.3,17826.9
HW-N02-D1-R5,1,5,2,2,0,HARDWARE,4,8,30000,201.9,391.9,228.9,17021.7,101.2,67.1,18012.7
HW-N02-D1-R6,1,6,2,2,0,HARDWARE,4,8,30000,198.9,405.5,228.6,16417.2,100.2,60.9,17411.3
HW-N03-D1-R1,1,1,3,3,0,HARDWARE,4,8,30000,215.2,414.4,348.5,17545.9,129.1,84.9,18738
HW-N03-D1-R2,1,2,3,3,0,HARDWARE,4,8,30000,217,409.2,332.7,17877.7,122.2,80.3,19039.1
HW-N03-D1-R3,1,3,3,3,0,HARDWARE,4,8,30000,214.6,405.2,325.9,17385.7,112.4,77.3,18521.1
HW-N03-D1-R4,1,4,3,3,0,HARDWARE,4,8,30000,212.3,415.4,302.2,17231.1,129.7,77.6,18368.3
HW-N03-D1-R5,1,5,3,3,0,HARDWARE,4,8,30000,221.8,424,316.1,17655.8,122.4,78.1,18818.2
HW-N03-D1-R6,1,6,3,3,0,HARDWARE,4,8,30000,216.8,410.4,311.8,17469.7,119.9,79.1,18607.7
HW-N04-D1-R1,1,1,4,4,0,HARDWARE,4,8,30000,211.9,434.1,399.9,17260.2,129.3,86,18521.4
HW-N04-D1-R2,1,2,4,4,0,HARDWARE,4,8,30000,228.7,423.7,403.8,18072.9,145.5,92.3,19366.9
HW-N04-D1-R3,1,3,4,4,0,HARDWARE,4,8,30000,222.1,409.4,389.1,17146.6,141.1,86.5,18394.8
HW-N04-D1-R4,1,4,4,4,0,HARDWARE,4,8,30000,218.8,432.8,392.7,17652.5,131.9,88.4,18917.1
HW-N04-D1-R5,1,5,4,4,0,HARDWARE,4,8,30000,220.2,415.5,400.6,17647.7,140.1,81.9,18906
HW-N04-D1-R6,1,6,4,4,0,HARDWARE,4,8,30000,226.8,432.3,390.4,17937,144.3,92.1,19222.9
HW-N01-D2-R1,2,1,1,1,0,HARDWARE,4,8,30000,195,381.1,0,16993.2,59.6,44.8,17673.7
HW-N01-D2-R2,2,2,1,1,0,HARDWARE,4,8,30000,195.4,372.1,0,17074.5,63.3,44.3,17749.6
HW-N01-D2-R3,2,3,1,1,0,HARDWARE,4,8,30000,197.1,373.3,0,17315.4,60.9,43.5,17990.2
HW-N01-D2-R4,2,4,1,1,0,HARDWARE,4,8,30000,193.4,364.3,0,17135.4,67,44.2,17804.3
HW-N01-D2-R5,2,5,1,1,0,HARDWARE,4,8,30000,196.2,378.3,0,16909,64.8,44.5,17592.8
HW-N01-D2-R6,2,6,1,1,0,HARDWARE,4,8,30000,197.9,365.4,0,17112.6,60.5,43.6,17780
HW-N02-D2-R1,2,1,2,2,0,HARDWARE,4,8,30000,210.1,407.6,229.9,16758.4,99.3,61.2,17766.5
HW-N02-D2-R2,2,2,2,2,0,HARDWARE,4,8,30000,203.3,384.4,242.9,16862.2,97.1,67.3,17857.2
HW-N02-D2-R3,2,3,2,2,0,HARDWARE,4,8,30000,200.7,393.4,233.8,16679.4,100.7,67.5,17675.5
HW-N02-D2-R4,2,4,2,2,0,HARDWARE,4,8,30000,201.7,399.6,240,17187.3,96.3,66.2,18191.1
HW-N02-D2-R5,2,5,2,2,0,HARDWARE,4,8,30000,194.1,404.1,228.3,16561.7,100.3,62.4,17550.9
HW-N02-D2-R6,2,6,2,2,0,HARDWARE,4,8,30000,197.9,406.7,240,16662.4,100.2,65.8,17673
HW-N03-D2-R1,2,1,3,3,0,HARDWARE,4,8,30000,222.1,406,317.2,17195.8,119.7,80.1,18340.9
HW-N03-D2-R2,2,2,3,3,0,HARDWARE,4,8,30000,210.3,408.6,316.4,17104.3,124.2,76.9,18240.7
HW-N03-D2-R3,2,3,3,3,0,HARDWARE,4,8,30000,211.2,412.6,304.4,16638.9,125.2,76.8,17769.1
HW-N03-D2-R4,2,4,3,3,0,HARDWARE,4,8,30000,224.7,428.1,339.4,17876.6,117.2,74.5,19060.5
HW-N03-D2-R5,2,5,3,3,0,HARDWARE,4,8,30000,220.9,415.4,319.7,17897.2,129.6,85,19067.8
HW-N03-D2-R6,2,6,3,3,0,HARDWARE,4,8,30000,218.6,417.3,335.9,17451.6,129.1,78.6,18631.09999999999
HW-N04-D2-R1,2,1,4,4,0,HARDWARE,4,8,30000,219.5,424,403.7,16953.2,142.4,91.8,18234.6
HW-N04-D2-R2,2,2,4,4,0,HARDWARE,4,8,30000,215,405.8,388.7,16879.2,144.2,85.9,18118.8
HW-N04-D2-R3,2,3,4,4,0,HARDWARE,4,8,30000,230.7,434.3,419,18339.6,143,92.9,19659.5
HW-N04-D2-R4,2,4,4,4,0,HARDWARE,4,8,30000,224.3,418.8,402.1,17717.6,150.5,98.8,19012.1
HW-N04-D2-R5,2,5,4,4,0,HARDWARE,4,8,30000,225.9,427,422.1,17703.2,141.3,94.3,19013.8
HW-N04-D2-R6,2,6,4,4,0,HARDWARE,4,8,30000,214.7,418.4,392.6,17576.4,140.5,90.8,18833.4
HW-N01-D3-R1,3,1,1,1,0,HARDWARE,4,8,30000,188.4,375.2,0,16318.8,53.5,42.2,16978.1
HW-N01-D3-R2,3,2,1,1,0,HARDWARE,4,8,30000,193.8,379.2,0,17144,56.9,43,17816.9
HW-N01-D3-R3,3,3,1,1,0,HARDWARE,4,8,30000,201.2,377.4,0,17097.3,57.6,44.4,17777.9
HW-N01-D3-R4,3,4,1,1,0,HARDWARE,4,8,30000,198.4,388.9,0,17469.5,60.4,42.5,18159.7
HW-N01-D3-R5,3,5,1,1,0,HARDWARE,4,8,30000,195.2,374.5,0,16693.4,57.9,42.3,17363.3
HW-N01-D3-R6,3,6,1,1,0,HARDWARE,4,8,30000,195.1,374.2,0,16693.2,62.1,41.5,17366.1
HW-N02-D3-R1,3,1,2,2,0,HARDWARE,4,8,30000,206.7,397.9,241.9,17534.4,92.9,62.5,18536.3
HW-N02-D3-R2,3,2,2,2,0,HARDWARE,4,8,30000,204.6,390,237.3,16403,104.3,69,17408.2
HW-N02-D3-R3,3,3,2,2,0,HARDWARE,4,8,30000,201.8,388.8,227.1,16740.7,107.7,64.3,17730.4
HW-N02-D3-R4,3,4,2,2,0,HARDWARE,4,8,30000,199.2,386.5,231.3,16503.5,90.4,64.6,17475.5
HW-N02-D3-R5,3,5,2,2,0,HARDWARE,4,8,30000,201.4,388.2,227,16396.3,95.6,66.4,17374.9
HW-N02-D3-R6,3,6,2,2,0,HARDWARE,4,8,30000,198,407.3,225.3,16443.5,93.2,65.3,17432.6
HW-N03-D3-R1,3,1,3,3,0,HARDWARE,4,8,30000,212.8,407.3,317.4,17472.2,118.5,79.6,18607.8
HW-N03-D3-R2,3,2,3,3,0,HARDWARE,4,8,30000,215.1,402.1,323.4,17185.8,116.7,80.4,18323.5
HW-N03-D3-R3,3,3,3,3,0,HARDWARE,4,8,30000,216.3,411.1,316.9,17332,116.6,80.2,18473.1
HW-N03-D3-R4,3,4,3,3,0,HARDWARE,4,8,30000,207.5,413.8,302.6,17330.6,117.7,74.7,18446.9
HW-N03-D3-R5,3,5,3,3,0,HARDWARE,4,8,30000,220.7,408.6,322.6,17389.2,131.5,78.3,18550.9
HW-N03-D3-R6,3,6,3,3,0,HARDWARE,4,8,30000,213.6,411.1,314.7,17442.9,115.9,79.9,18578.10000000001
HW-N04-D3-R1,3,1,4,4,0,HARDWARE,4,8,30000,214,420.8,391.9,17626.1,137,87.9,18877.7
HW-N04-D3-R2,3,2,4,4,0,HARDWARE,4,8,30000,223.6,430.8,384.5,17987.6,142,91.5,19260
HW-N04-D3-R3,3,3,4,4,0,HARDWARE,4,8,30000,220.4,417.7,406.6,17573.6,142.5,91.1,18851.9
HW-N04-D3-R4,3,4,4,4,0,HARDWARE,4,8,30000,222.1,425.2,360.9,17178.6,135.3,81.7,18403.8
HW-N04-D3-R5,3,5,4,4,0,HARDWARE,4,8,30000,217.6,427.2,381.3,17523.8,123.5,84.1,18757.5
HW-N04-D3-R6,3,6,4,4,0,HARDWARE,4,8,30000,228.4,423.5,404.8,17157.9,138.3,88.7,18441.6
